cod_municipio;municipio;ano;mes;periodo;internacoes;;;;;;
320010;Afonso Claudio;2024;1;2024-01;19;;;;;;
320010;Afonso Claudio;2024;2;2024-02;16;;;;;;
320010;Afonso Claudio;2024;3;2024-03;11;;;;;;
320010;Afonso Claudio;2024;4;2024-04;29;;;;;;
320010;Afonso Claudio;2024;5;2024-05;25;;;;;;
320010;Afonso Claudio;2024;6;2024-06;25;;;;;;
320010;Afonso Claudio;2024;7;2024-07;24;;;;;;
320010;Afonso Claudio;2024;8;2024-08;21;;;;;;
320010;Afonso Claudio;2024;9;2024-09;26;;;;;;
320010;Afonso Claudio;2024;10;2024-10;16;;;;;;
320010;Afonso Claudio;2024;11;2024-11;23;;;;;;
320010;Afonso Claudio;2024;12;2024-12;12;;;;;;
320010;Afonso Claudio;2025;1;2025-01;11;;;;;;
320010;Afonso Claudio;2025;2;2025-02;7;;;;;;
320010;Afonso Claudio;2025;3;2025-03;21;;;;;;
320010;Afonso Claudio;2025;4;2025-04;22;;;;;;
320010;Afonso Claudio;2025;5;2025-05;38;;;;;;
320010;Afonso Claudio;2025;6;2025-06;37;;;;;;
320010;Afonso Claudio;2025;7;2025-07;24;;;;;;
320010;Afonso Claudio;2025;8;2025-08;34;;;;;;
320010;Afonso Claudio;2025;9;2025-09;26;;;;;;
320010;Afonso Claudio;2025;10;2025-10;20;;;;;;
320010;Afonso Claudio;2025;11;2025-11;19;;;;;;
320010;Afonso Claudio;2025;12;2025-12;18;;;;;;
320020;Alegre;2024;1;2024-01;2;;;;;;
320020;Alegre;2024;2;2024-02;4;;;;;;
320020;Alegre;2024;3;2024-03;2;;;;;;
320020;Alegre;2024;4;2024-04;2;;;;;;
320020;Alegre;2024;5;2024-05;3;;;;;;
320020;Alegre;2024;6;2024-06;10;;;;;;
320020;Alegre;2024;7;2024-07;8;;;;;;
320020;Alegre;2024;8;2024-08;9;;;;;;
320020;Alegre;2024;9;2024-09;15;;;;;;
320020;Alegre;2024;10;2024-10;8;;;;;;
320020;Alegre;2024;11;2024-11;7;;;;;;
320020;Alegre;2024;12;2024-12;1;;;;;;
320020;Alegre;2025;1;2025-01;5;;;;;;
320020;Alegre;2025;2;2025-02;6;;;;;;
320020;Alegre;2025;3;2025-03;4;;;;;;
320020;Alegre;2025;4;2025-04;7;;;;;;
320020;Alegre;2025;5;2025-05;11;;;;;;
320020;Alegre;2025;6;2025-06;12;;;;;;
320020;Alegre;2025;7;2025-07;10;;;;;;
320020;Alegre;2025;8;2025-08;11;;;;;;
320020;Alegre;2025;9;2025-09;15;;;;;;
320020;Alegre;2025;10;2025-10;8;;;;;;
320020;Alegre;2025;11;2025-11;10;;;;;;
320020;Alegre;2025;12;2025-12;13;;;;;;
320040;ANCHIETA;2024;1;2024-01;8;;;;;;
320040;ANCHIETA;2024;2;2024-02;2;;;;;;
320040;ANCHIETA;2024;3;2024-03;17;;;;;;
320040;ANCHIETA;2024;4;2024-04;11;;;;;;
320040;ANCHIETA;2024;5;2024-05;20;;;;;;
320040;ANCHIETA;2024;6;2024-06;16;;;;;;
320040;ANCHIETA;2024;7;2024-07;18;;;;;;
320040;ANCHIETA;2024;8;2024-08;13;;;;;;
320040;ANCHIETA;2024;9;2024-09;13;;;;;;
320040;ANCHIETA;2024;10;2024-10;10;;;;;;
320040;ANCHIETA;2024;11;2024-11;5;;;;;;
320040;ANCHIETA;2024;12;2024-12;7;;;;;;
320040;ANCHIETA;2025;1;2025-01;8;;;;;;
320040;ANCHIETA;2025;2;2025-02;4;;;;;;
320040;ANCHIETA;2025;3;2025-03;9;;;;;;
320040;ANCHIETA;2025;4;2025-04;16;;;;;;
320040;ANCHIETA;2025;5;2025-05;18;;;;;;
320040;ANCHIETA;2025;6;2025-06;11;;;;;;
320040;ANCHIETA;2025;7;2025-07;9;;;;;;
320040;ANCHIETA;2025;8;2025-08;15;;;;;;
320040;ANCHIETA;2025;9;2025-09;13;;;;;;
320040;ANCHIETA;2025;10;2025-10;24;;;;;;
320040;ANCHIETA;2025;11;2025-11;24;;;;;;
320040;ANCHIETA;2025;12;2025-12;22;;;;;;
320050;APIACA;2024;1;2024-01;-;;;;;;
320050;APIACA;2024;2;2024-02;-;;;;;;
320050;APIACA;2024;3;2024-03;-;;;;;;
320050;APIACA;2024;4;2024-04;-;;;;;;
320050;APIACA;2024;5;2024-05;-;;;;;;
320050;APIACA;2024;6;2024-06;-;;;;;;
320050;APIACA;2024;7;2024-07;-;;;;;;
320050;APIACA;2024;8;2024-08;-;;;;;;
320050;APIACA;2024;9;2024-09;-;;;;;;
320050;APIACA;2024;10;2024-10;-;;;;;;
320050;APIACA;2024;11;2024-11;4;;;;;;
320050;APIACA;2024;12;2024-12;6;;;;;;
320050;APIACA;2025;1;2025-01;7;;;;;;
320050;APIACA;2025;2;2025-02;3;;;;;;
320050;APIACA;2025;3;2025-03;7;;;;;;
320050;APIACA;2025;4;2025-04;11;;;;;;
320050;APIACA;2025;5;2025-05;23;;;;;;
320050;APIACA;2025;6;2025-06;25;;;;;;
320050;APIACA;2025;7;2025-07;15;;;;;;
320050;APIACA;2025;8;2025-08;20;;;;;;
320050;APIACA;2025;9;2025-09;-;;;;;;
320050;APIACA;2025;10;2025-10;19;;;;;;
320050;APIACA;2025;11;2025-11;16;;;;;;
320050;APIACA;2025;12;2025-12;19;;;;;;
320060;ARACRUZ;2024;1;2024-01;76;;;;;;
320060;ARACRUZ;2024;2;2024-02;64;;;;;;
320060;ARACRUZ;2024;3;2024-03;73;;;;;;
320060;ARACRUZ;2024;4;2024-04;105;;;;;;
320060;ARACRUZ;2024;5;2024-05;123;;;;;;
320060;ARACRUZ;2024;6;2024-06;93;;;;;;
320060;ARACRUZ;2024;7;2024-07;86;;;;;;
320060;ARACRUZ;2024;8;2024-08;68;;;;;;
320060;ARACRUZ;2024;9;2024-09;100;;;;;;
320060;ARACRUZ;2024;10;2024-10;75;;;;;;
320060;ARACRUZ;2024;11;2024-11;62;;;;;;
320060;ARACRUZ;2024;12;2024-12;73;;;;;;
320060;ARACRUZ;2025;1;2025-01;72;;;;;;
320060;ARACRUZ;2025;2;2025-02;53;;;;;;
320060;ARACRUZ;2025;3;2025-03;64;;;;;;
320060;ARACRUZ;2025;4;2025-04;59;;;;;;
320060;ARACRUZ;2025;5;2025-05;114;;;;;;
320060;ARACRUZ;2025;6;2025-06;93;;;;;;
320060;ARACRUZ;2025;7;2025-07;111;;;;;;
320060;ARACRUZ;2025;8;2025-08;84;;;;;;
320060;ARACRUZ;2025;9;2025-09;100;;;;;;
320060;ARACRUZ;2025;10;2025-10;105;;;;;;
320060;ARACRUZ;2025;11;2025-11;91;;;;;;
320060;ARACRUZ;2025;12;2025-12;57;;;;;;
320070;ATILIO VIVACQUA;2024;1;2024-01;1;;;;;;
320070;ATILIO VIVACQUA;2024;2;2024-02;3;;;;;;
320070;ATILIO VIVACQUA;2024;3;2024-03;1;;;;;;
320070;ATILIO VIVACQUA;2024;4;2024-04;3;;;;;;
320070;ATILIO VIVACQUA;2024;5;2024-05;2;;;;;;
320070;ATILIO VIVACQUA;2024;6;2024-06;3;;;;;;
320070;ATILIO VIVACQUA;2024;7;2024-07;2;;;;;;
320070;ATILIO VIVACQUA;2024;8;2024-08;5;;;;;;
320070;ATILIO VIVACQUA;2024;9;2024-09;1;;;;;;
320070;ATILIO VIVACQUA;2024;10;2024-10;-;;;;;;
320070;ATILIO VIVACQUA;2024;11;2024-11;-;;;;;;
320070;ATILIO VIVACQUA;2024;12;2024-12;-;;;;;;
320070;ATILIO VIVACQUA;2025;1;2025-01;-;;;;;;
320070;ATILIO VIVACQUA;2025;2;2025-02;-;;;;;;
320070;ATILIO VIVACQUA;2025;3;2025-03;-;;;;;;
320070;ATILIO VIVACQUA;2025;4;2025-04;-;;;;;;
320070;ATILIO VIVACQUA;2025;5;2025-05;-;;;;;;
320070;ATILIO VIVACQUA;2025;6;2025-06;-;;;;;;
320070;ATILIO VIVACQUA;2025;7;2025-07;-;;;;;;
320070;ATILIO VIVACQUA;2025;8;2025-08;-;;;;;;
320070;ATILIO VIVACQUA;2025;9;2025-09;1;;;;;;
320070;ATILIO VIVACQUA;2025;10;2025-10;-;;;;;;
320070;ATILIO VIVACQUA;2025;11;2025-11;-;;;;;;
320070;ATILIO VIVACQUA;2025;12;2025-12;-;;;;;;
320080;BAIXO GUANDU;2024;1;2024-01;25;;;;;;
320080;BAIXO GUANDU;2024;2;2024-02;20;;;;;;
320080;BAIXO GUANDU;2024;3;2024-03;12;;;;;;
320080;BAIXO GUANDU;2024;4;2024-04;21;;;;;;
320080;BAIXO GUANDU;2024;5;2024-05;18;;;;;;
320080;BAIXO GUANDU;2024;6;2024-06;34;;;;;;
320080;BAIXO GUANDU;2024;7;2024-07;23;;;;;;
320080;BAIXO GUANDU;2024;8;2024-08;28;;;;;;
320080;BAIXO GUANDU;2024;9;2024-09;34;;;;;;
320080;BAIXO GUANDU;2024;10;2024-10;37;;;;;;
320080;BAIXO GUANDU;2024;11;2024-11;12;;;;;;
320080;BAIXO GUANDU;2024;12;2024-12;16;;;;;;
320080;BAIXO GUANDU;2025;1;2025-01;33;;;;;;
320080;BAIXO GUANDU;2025;2;2025-02;27;;;;;;
320080;BAIXO GUANDU;2025;3;2025-03;22;;;;;;
320080;BAIXO GUANDU;2025;4;2025-04;11;;;;;;
320080;BAIXO GUANDU;2025;5;2025-05;30;;;;;;
320080;BAIXO GUANDU;2025;6;2025-06;27;;;;;;
320080;BAIXO GUANDU;2025;7;2025-07;22;;;;;;
320080;BAIXO GUANDU;2025;8;2025-08;12;;;;;;
320080;BAIXO GUANDU;2025;9;2025-09;34;;;;;;
320080;BAIXO GUANDU;2025;10;2025-10;45;;;;;;
320080;BAIXO GUANDU;2025;11;2025-11;17;;;;;;
320080;BAIXO GUANDU;2025;12;2025-12;16;;;;;;
320090;BARRA DE SAO FRANCISCO;2024;1;2024-01;35;;;;;;
320090;BARRA DE SAO FRANCISCO;2024;2;2024-02;42;;;;;;
320090;BARRA DE SAO FRANCISCO;2024;3;2024-03;52;;;;;;
320090;BARRA DE SAO FRANCISCO;2024;4;2024-04;65;;;;;;
320090;BARRA DE SAO FRANCISCO;2024;5;2024-05;81;;;;;;
320090;BARRA DE SAO FRANCISCO;2024;6;2024-06;60;;;;;;
320090;BARRA DE SAO FRANCISCO;2024;7;2024-07;72;;;;;;
320090;BARRA DE SAO FRANCISCO;2024;8;2024-08;81;;;;;;
320090;BARRA DE SAO FRANCISCO;2024;9;2024-09;63;;;;;;
320090;BARRA DE SAO FRANCISCO;2024;10;2024-10;75;;;;;;
320090;BARRA DE SAO FRANCISCO;2024;11;2024-11;47;;;;;;
320090;BARRA DE SAO FRANCISCO;2024;12;2024-12;50;;;;;;
320090;BARRA DE SAO FRANCISCO;2025;1;2025-01;42;;;;;;
320090;BARRA DE SAO FRANCISCO;2025;2;2025-02;38;;;;;;
320090;BARRA DE SAO FRANCISCO;2025;3;2025-03;47;;;;;;
320090;BARRA DE SAO FRANCISCO;2025;4;2025-04;66;;;;;;
320090;BARRA DE SAO FRANCISCO;2025;5;2025-05;53;;;;;;
320090;BARRA DE SAO FRANCISCO;2025;6;2025-06;154;;;;;;
320090;BARRA DE SAO FRANCISCO;2025;7;2025-07;77;;;;;;
320090;BARRA DE SAO FRANCISCO;2025;8;2025-08;55;;;;;;
320090;BARRA DE SAO FRANCISCO;2025;9;2025-09;63;;;;;;
320090;BARRA DE SAO FRANCISCO;2025;10;2025-10;-;;;;;;
320090;BARRA DE SAO FRANCISCO;2025;11;2025-11;-;;;;;;
320090;BARRA DE SAO FRANCISCO;2025;12;2025-12;-;;;;;;
320100;BOA ESPERANCA;2024;1;2024-01;5;;;;;;
320100;BOA ESPERANCA;2024;2;2024-02;-;;;;;;
320100;BOA ESPERANCA;2024;3;2024-03;3;;;;;;
320100;BOA ESPERANCA;2024;4;2024-04;7;;;;;;
320100;BOA ESPERANCA;2024;5;2024-05;5;;;;;;
320100;BOA ESPERANCA;2024;6;2024-06;9;;;;;;
320100;BOA ESPERANCA;2024;7;2024-07;19;;;;;;
320100;BOA ESPERANCA;2024;8;2024-08;27;;;;;;
320100;BOA ESPERANCA;2024;9;2024-09;18;;;;;;
320100;BOA ESPERANCA;2024;10;2024-10;7;;;;;;
320100;BOA ESPERANCA;2024;11;2024-11;5;;;;;;
320100;BOA ESPERANCA;2024;12;2024-12;10;;;;;;
320100;BOA ESPERANCA;2025;1;2025-01;13;;;;;;
320100;BOA ESPERANCA;2025;2;2025-02;12;;;;;;
320100;BOA ESPERANCA;2025;3;2025-03;10;;;;;;
320100;BOA ESPERANCA;2025;4;2025-04;1;;;;;;
320100;BOA ESPERANCA;2025;5;2025-05;2;;;;;;
320100;BOA ESPERANCA;2025;6;2025-06;11;;;;;;
320100;BOA ESPERANCA;2025;7;2025-07;19;;;;;;
320100;BOA ESPERANCA;2025;8;2025-08;32;;;;;;
320100;BOA ESPERANCA;2025;9;2025-09;18;;;;;;
320100;BOA ESPERANCA;2025;10;2025-10;15;;;;;;
320100;BOA ESPERANCA;2025;11;2025-11;15;;;;;;
320100;BOA ESPERANCA;2025;12;2025-12;13;;;;;;
320120;CACHOEIRO DE ITAPEMIRIM;2024;1;2024-01;123;;;;;;
320120;CACHOEIRO DE ITAPEMIRIM;2024;2;2024-02;194;;;;;;
320120;CACHOEIRO DE ITAPEMIRIM;2024;3;2024-03;191;;;;;;
320120;CACHOEIRO DE ITAPEMIRIM;2024;4;2024-04;296;;;;;;
320120;CACHOEIRO DE ITAPEMIRIM;2024;5;2024-05;297;;;;;;
320120;CACHOEIRO DE ITAPEMIRIM;2024;6;2024-06;340;;;;;;
320120;CACHOEIRO DE ITAPEMIRIM;2024;7;2024-07;312;;;;;;
320120;CACHOEIRO DE ITAPEMIRIM;2024;8;2024-08;225;;;;;;
320120;CACHOEIRO DE ITAPEMIRIM;2024;9;2024-09;296;;;;;;
320120;CACHOEIRO DE ITAPEMIRIM;2024;10;2024-10;223;;;;;;
320120;CACHOEIRO DE ITAPEMIRIM;2024;11;2024-11;216;;;;;;
320120;CACHOEIRO DE ITAPEMIRIM;2024;12;2024-12;230;;;;;;
320120;CACHOEIRO DE ITAPEMIRIM;2025;1;2025-01;187;;;;;;
320120;CACHOEIRO DE ITAPEMIRIM;2025;2;2025-02;157;;;;;;
320120;CACHOEIRO DE ITAPEMIRIM;2025;3;2025-03;207;;;;;;
320120;CACHOEIRO DE ITAPEMIRIM;2025;4;2025-04;163;;;;;;
320120;CACHOEIRO DE ITAPEMIRIM;2025;5;2025-05;365;;;;;;
320120;CACHOEIRO DE ITAPEMIRIM;2025;6;2025-06;357;;;;;;
320120;CACHOEIRO DE ITAPEMIRIM;2025;7;2025-07;331;;;;;;
320120;CACHOEIRO DE ITAPEMIRIM;2025;8;2025-08;234;;;;;;
320120;CACHOEIRO DE ITAPEMIRIM;2025;9;2025-09;296;;;;;;
320120;CACHOEIRO DE ITAPEMIRIM;2025;10;2025-10;261;;;;;;
320120;CACHOEIRO DE ITAPEMIRIM;2025;11;2025-11;316;;;;;;
320120;CACHOEIRO DE ITAPEMIRIM;2025;12;2025-12;251;;;;;;
320130;CARIACICA;2024;1;2024-01;29;;;;;;
320130;CARIACICA;2024;2;2024-02;17;;;;;;
320130;CARIACICA;2024;3;2024-03;30;;;;;;
320130;CARIACICA;2024;4;2024-04;25;;;;;;
320130;CARIACICA;2024;5;2024-05;32;;;;;;
320130;CARIACICA;2024;6;2024-06;25;;;;;;
320130;CARIACICA;2024;7;2024-07;29;;;;;;
320130;CARIACICA;2024;8;2024-08;29;;;;;;
320130;CARIACICA;2024;9;2024-09;40;;;;;;
320130;CARIACICA;2024;10;2024-10;33;;;;;;
320130;CARIACICA;2024;11;2024-11;38;;;;;;
320130;CARIACICA;2024;12;2024-12;35;;;;;;
320130;CARIACICA;2025;1;2025-01;31;;;;;;
320130;CARIACICA;2025;2;2025-02;44;;;;;;
320130;CARIACICA;2025;3;2025-03;42;;;;;;
320130;CARIACICA;2025;4;2025-04;49;;;;;;
320130;CARIACICA;2025;5;2025-05;53;;;;;;
320130;CARIACICA;2025;6;2025-06;54;;;;;;
320130;CARIACICA;2025;7;2025-07;33;;;;;;
320130;CARIACICA;2025;8;2025-08;45;;;;;;
320130;CARIACICA;2025;9;2025-09;40;;;;;;
320130;CARIACICA;2025;10;2025-10;51;;;;;;
320130;CARIACICA;2025;11;2025-11;33;;;;;;
320130;CARIACICA;2025;12;2025-12;24;;;;;;
320140;CASTELO;2024;1;2024-01;10;;;;;;
320140;CASTELO;2024;2;2024-02;7;;;;;;
320140;CASTELO;2024;3;2024-03;9;;;;;;
320140;CASTELO;2024;4;2024-04;10;;;;;;
320140;CASTELO;2024;5;2024-05;19;;;;;;
320140;CASTELO;2024;6;2024-06;9;;;;;;
320140;CASTELO;2024;7;2024-07;16;;;;;;
320140;CASTELO;2024;8;2024-08;10;;;;;;
320140;CASTELO;2024;9;2024-09;6;;;;;;
320140;CASTELO;2024;10;2024-10;17;;;;;;
320140;CASTELO;2024;11;2024-11;14;;;;;;
320140;CASTELO;2024;12;2024-12;15;;;;;;
320140;CASTELO;2025;1;2025-01;21;;;;;;
320140;CASTELO;2025;2;2025-02;9;;;;;;
320140;CASTELO;2025;3;2025-03;7;;;;;;
320140;CASTELO;2025;4;2025-04;14;;;;;;
320140;CASTELO;2025;5;2025-05;22;;;;;;
320140;CASTELO;2025;6;2025-06;29;;;;;;
320140;CASTELO;2025;7;2025-07;22;;;;;;
320140;CASTELO;2025;8;2025-08;20;;;;;;
320140;CASTELO;2025;9;2025-09;6;;;;;;
320140;CASTELO;2025;10;2025-10;13;;;;;;
320140;CASTELO;2025;11;2025-11;14;;;;;;
320140;CASTELO;2025;12;2025-12;9;;;;;;
320150;COLATINA;2024;1;2024-01;101;;;;;;
320150;COLATINA;2024;2;2024-02;89;;;;;;
320150;COLATINA;2024;3;2024-03;137;;;;;;
320150;COLATINA;2024;4;2024-04;230;;;;;;
320150;COLATINA;2024;5;2024-05;193;;;;;;
320150;COLATINA;2024;6;2024-06;172;;;;;;
320150;COLATINA;2024;7;2024-07;196;;;;;;
320150;COLATINA;2024;8;2024-08;140;;;;;;
320150;COLATINA;2024;9;2024-09;177;;;;;;
320150;COLATINA;2024;10;2024-10;163;;;;;;
320150;COLATINA;2024;11;2024-11;142;;;;;;
320150;COLATINA;2024;12;2024-12;156;;;;;;
320150;COLATINA;2025;1;2025-01;121;;;;;;
320150;COLATINA;2025;2;2025-02;126;;;;;;
320150;COLATINA;2025;3;2025-03;150;;;;;;
320150;COLATINA;2025;4;2025-04;191;;;;;;
320150;COLATINA;2025;5;2025-05;223;;;;;;
320150;COLATINA;2025;6;2025-06;203;;;;;;
320150;COLATINA;2025;7;2025-07;179;;;;;;
320150;COLATINA;2025;8;2025-08;164;;;;;;
320150;COLATINA;2025;9;2025-09;177;;;;;;
320150;COLATINA;2025;10;2025-10;189;;;;;;
320150;COLATINA;2025;11;2025-11;198;;;;;;
320150;COLATINA;2025;12;2025-12;173;;;;;;
320170;CONCEICAO DO CASTELO;2024;1;2024-01;1;;;;;;
320170;CONCEICAO DO CASTELO;2024;2;2024-02;-;;;;;;
320170;CONCEICAO DO CASTELO;2024;3;2024-03;2;;;;;;
320170;CONCEICAO DO CASTELO;2024;4;2024-04;3;;;;;;
320170;CONCEICAO DO CASTELO;2024;5;2024-05;6;;;;;;
320170;CONCEICAO DO CASTELO;2024;6;2024-06;-;;;;;;
320170;CONCEICAO DO CASTELO;2024;7;2024-07;3;;;;;;
320170;CONCEICAO DO CASTELO;2024;8;2024-08;2;;;;;;
320170;CONCEICAO DO CASTELO;2024;9;2024-09;4;;;;;;
320170;CONCEICAO DO CASTELO;2024;10;2024-10;3;;;;;;
320170;CONCEICAO DO CASTELO;2024;11;2024-11;3;;;;;;
320170;CONCEICAO DO CASTELO;2024;12;2024-12;-;;;;;;
320170;CONCEICAO DO CASTELO;2025;1;2025-01;-;;;;;;
320170;CONCEICAO DO CASTELO;2025;2;2025-02;-;;;;;;
320170;CONCEICAO DO CASTELO;2025;3;2025-03;2;;;;;;
320170;CONCEICAO DO CASTELO;2025;4;2025-04;1;;;;;;
320170;CONCEICAO DO CASTELO;2025;5;2025-05;2;;;;;;
320170;CONCEICAO DO CASTELO;2025;6;2025-06;6;;;;;;
320170;CONCEICAO DO CASTELO;2025;7;2025-07;2;;;;;;
320170;CONCEICAO DO CASTELO;2025;8;2025-08;2;;;;;;
320170;CONCEICAO DO CASTELO;2025;9;2025-09;4;;;;;;
320170;CONCEICAO DO CASTELO;2025;10;2025-10;-;;;;;;
320170;CONCEICAO DO CASTELO;2025;11;2025-11;-;;;;;;
320170;CONCEICAO DO CASTELO;2025;12;2025-12;-;;;;;;
320190;DOMINGOS MARTINS;2024;1;2024-01;21;;;;;;
320190;DOMINGOS MARTINS;2024;2;2024-02;14;;;;;;
320190;DOMINGOS MARTINS;2024;3;2024-03;21;;;;;;
320190;DOMINGOS MARTINS;2024;4;2024-04;15;;;;;;
320190;DOMINGOS MARTINS;2024;5;2024-05;27;;;;;;
320190;DOMINGOS MARTINS;2024;6;2024-06;24;;;;;;
320190;DOMINGOS MARTINS;2024;7;2024-07;24;;;;;;
320190;DOMINGOS MARTINS;2024;8;2024-08;47;;;;;;
320190;DOMINGOS MARTINS;2024;9;2024-09;34;;;;;;
320190;DOMINGOS MARTINS;2024;10;2024-10;35;;;;;;
320190;DOMINGOS MARTINS;2024;11;2024-11;30;;;;;;
320190;DOMINGOS MARTINS;2024;12;2024-12;20;;;;;;
320190;DOMINGOS MARTINS;2025;1;2025-01;16;;;;;;
320190;DOMINGOS MARTINS;2025;2;2025-02;29;;;;;;
320190;DOMINGOS MARTINS;2025;3;2025-03;17;;;;;;
320190;DOMINGOS MARTINS;2025;4;2025-04;29;;;;;;
320190;DOMINGOS MARTINS;2025;5;2025-05;51;;;;;;
320190;DOMINGOS MARTINS;2025;6;2025-06;41;;;;;;
320190;DOMINGOS MARTINS;2025;7;2025-07;44;;;;;;
320190;DOMINGOS MARTINS;2025;8;2025-08;27;;;;;;
320190;DOMINGOS MARTINS;2025;9;2025-09;34;;;;;;
320190;DOMINGOS MARTINS;2025;10;2025-10;43;;;;;;
320190;DOMINGOS MARTINS;2025;11;2025-11;24;;;;;;
320190;DOMINGOS MARTINS;2025;12;2025-12;31;;;;;;
320210;ECOPORANGA;2024;1;2024-01;23;;;;;;
320210;ECOPORANGA;2024;2;2024-02;39;;;;;;
320210;ECOPORANGA;2024;3;2024-03;22;;;;;;
320210;ECOPORANGA;2024;4;2024-04;42;;;;;;
320210;ECOPORANGA;2024;5;2024-05;78;;;;;;
320210;ECOPORANGA;2024;6;2024-06;54;;;;;;
320210;ECOPORANGA;2024;7;2024-07;50;;;;;;
320210;ECOPORANGA;2024;8;2024-08;39;;;;;;
320210;ECOPORANGA;2024;9;2024-09;61;;;;;;
320210;ECOPORANGA;2024;10;2024-10;37;;;;;;
320210;ECOPORANGA;2024;11;2024-11;31;;;;;;
320210;ECOPORANGA;2024;12;2024-12;42;;;;;;
320210;ECOPORANGA;2025;1;2025-01;26;;;;;;
320210;ECOPORANGA;2025;2;2025-02;22;;;;;;
320210;ECOPORANGA;2025;3;2025-03;22;;;;;;
320210;ECOPORANGA;2025;4;2025-04;36;;;;;;
320210;ECOPORANGA;2025;5;2025-05;52;;;;;;
320210;ECOPORANGA;2025;6;2025-06;-;;;;;;
320210;ECOPORANGA;2025;7;2025-07;-;;;;;;
320210;ECOPORANGA;2025;8;2025-08;-;;;;;;
320210;ECOPORANGA;2025;9;2025-09;61;;;;;;
320210;ECOPORANGA;2025;10;2025-10;-;;;;;;
320210;ECOPORANGA;2025;11;2025-11;-;;;;;;
320210;ECOPORANGA;2025;12;2025-12;-;;;;;;
320230;GUACUI;2024;1;2024-01;27;;;;;;
320230;GUACUI;2024;2;2024-02;29;;;;;;
320230;GUACUI;2024;3;2024-03;31;;;;;;
320230;GUACUI;2024;4;2024-04;33;;;;;;
320230;GUACUI;2024;5;2024-05;39;;;;;;
320230;GUACUI;2024;6;2024-06;43;;;;;;
320230;GUACUI;2024;7;2024-07;35;;;;;;
320230;GUACUI;2024;8;2024-08;44;;;;;;
320230;GUACUI;2024;9;2024-09;52;;;;;;
320230;GUACUI;2024;10;2024-10;31;;;;;;
320230;GUACUI;2024;11;2024-11;34;;;;;;
320230;GUACUI;2024;12;2024-12;22;;;;;;
320230;GUACUI;2025;1;2025-01;25;;;;;;
320230;GUACUI;2025;2;2025-02;18;;;;;;
320230;GUACUI;2025;3;2025-03;21;;;;;;
320230;GUACUI;2025;4;2025-04;23;;;;;;
320230;GUACUI;2025;5;2025-05;25;;;;;;
320230;GUACUI;2025;6;2025-06;31;;;;;;
320230;GUACUI;2025;7;2025-07;41;;;;;;
320230;GUACUI;2025;8;2025-08;34;;;;;;
320230;GUACUI;2025;9;2025-09;52;;;;;;
320230;GUACUI;2025;10;2025-10;33;;;;;;
320230;GUACUI;2025;11;2025-11;19;;;;;;
320230;GUACUI;2025;12;2025-12;14;;;;;;
320240;GUARAPARI;2024;1;2024-01;44;;;;;;
320240;GUARAPARI;2024;2;2024-02;31;;;;;;
320240;GUARAPARI;2024;3;2024-03;121;;;;;;
320240;GUARAPARI;2024;4;2024-04;137;;;;;;
320240;GUARAPARI;2024;5;2024-05;85;;;;;;
320240;GUARAPARI;2024;6;2024-06;127;;;;;;
320240;GUARAPARI;2024;7;2024-07;118;;;;;;
320240;GUARAPARI;2024;8;2024-08;94;;;;;;
320240;GUARAPARI;2024;9;2024-09;95;;;;;;
320240;GUARAPARI;2024;10;2024-10;57;;;;;;
320240;GUARAPARI;2024;11;2024-11;61;;;;;;
320240;GUARAPARI;2024;12;2024-12;40;;;;;;
320240;GUARAPARI;2025;1;2025-01;53;;;;;;
320240;GUARAPARI;2025;2;2025-02;59;;;;;;
320240;GUARAPARI;2025;3;2025-03;81;;;;;;
320240;GUARAPARI;2025;4;2025-04;105;;;;;;
320240;GUARAPARI;2025;5;2025-05;119;;;;;;
320240;GUARAPARI;2025;6;2025-06;75;;;;;;
320240;GUARAPARI;2025;7;2025-07;157;;;;;;
320240;GUARAPARI;2025;8;2025-08;143;;;;;;
320240;GUARAPARI;2025;9;2025-09;95;;;;;;
320240;GUARAPARI;2025;10;2025-10;203;;;;;;
320240;GUARAPARI;2025;11;2025-11;74;;;;;;
320240;GUARAPARI;2025;12;2025-12;51;;;;;;
320245;IBATIBA;2024;1;2024-01;-;;;;;;
320245;IBATIBA;2024;2;2024-02;-;;;;;;
320245;IBATIBA;2024;3;2024-03;-;;;;;;
320245;IBATIBA;2024;4;2024-04;-;;;;;;
320245;IBATIBA;2024;5;2024-05;-;;;;;;
320245;IBATIBA;2024;6;2024-06;-;;;;;;
320245;IBATIBA;2024;7;2024-07;-;;;;;;
320245;IBATIBA;2024;8;2024-08;-;;;;;;
320245;IBATIBA;2024;9;2024-09;-;;;;;;
320245;IBATIBA;2024;10;2024-10;-;;;;;;
320245;IBATIBA;2024;11;2024-11;16;;;;;;
320245;IBATIBA;2024;12;2024-12;1;;;;;;
320245;IBATIBA;2025;1;2025-01;1;;;;;;
320245;IBATIBA;2025;2;2025-02;3;;;;;;
320245;IBATIBA;2025;3;2025-03;-;;;;;;
320245;IBATIBA;2025;4;2025-04;5;;;;;;
320245;IBATIBA;2025;5;2025-05;9;;;;;;
320245;IBATIBA;2025;6;2025-06;9;;;;;;
320245;IBATIBA;2025;7;2025-07;4;;;;;;
320245;IBATIBA;2025;8;2025-08;14;;;;;;
320245;IBATIBA;2025;9;2025-09;-;;;;;;
320245;IBATIBA;2025;10;2025-10;10;;;;;;
320245;IBATIBA;2025;11;2025-11;7;;;;;;
320245;IBATIBA;2025;12;2025-12;4;;;;;;
320280;ITAPEMIRIM;2024;1;2024-01;31;;;;;;
320280;ITAPEMIRIM;2024;2;2024-02;19;;;;;;
320280;ITAPEMIRIM;2024;3;2024-03;31;;;;;;
320280;ITAPEMIRIM;2024;4;2024-04;25;;;;;;
320280;ITAPEMIRIM;2024;5;2024-05;43;;;;;;
320280;ITAPEMIRIM;2024;6;2024-06;35;;;;;;
320280;ITAPEMIRIM;2024;7;2024-07;48;;;;;;
320280;ITAPEMIRIM;2024;8;2024-08;43;;;;;;
320280;ITAPEMIRIM;2024;9;2024-09;19;;;;;;
320280;ITAPEMIRIM;2024;10;2024-10;20;;;;;;
320280;ITAPEMIRIM;2024;11;2024-11;27;;;;;;
320280;ITAPEMIRIM;2024;12;2024-12;26;;;;;;
320280;ITAPEMIRIM;2025;1;2025-01;31;;;;;;
320280;ITAPEMIRIM;2025;2;2025-02;44;;;;;;
320280;ITAPEMIRIM;2025;3;2025-03;28;;;;;;
320280;ITAPEMIRIM;2025;4;2025-04;14;;;;;;
320280;ITAPEMIRIM;2025;5;2025-05;67;;;;;;
320280;ITAPEMIRIM;2025;6;2025-06;48;;;;;;
320280;ITAPEMIRIM;2025;7;2025-07;33;;;;;;
320280;ITAPEMIRIM;2025;8;2025-08;28;;;;;;
320280;ITAPEMIRIM;2025;9;2025-09;19;;;;;;
320280;ITAPEMIRIM;2025;10;2025-10;26;;;;;;
320280;ITAPEMIRIM;2025;11;2025-11;15;;;;;;
320280;ITAPEMIRIM;2025;12;2025-12;21;;;;;;
320290;ITARANA;2024;1;2024-01;5;;;;;;
320290;ITARANA;2024;2;2024-02;6;;;;;;
320290;ITARANA;2024;3;2024-03;12;;;;;;
320290;ITARANA;2024;4;2024-04;7;;;;;;
320290;ITARANA;2024;5;2024-05;18;;;;;;
320290;ITARANA;2024;6;2024-06;9;;;;;;
320290;ITARANA;2024;7;2024-07;12;;;;;;
320290;ITARANA;2024;8;2024-08;13;;;;;;
320290;ITARANA;2024;9;2024-09;15;;;;;;
320290;ITARANA;2024;10;2024-10;5;;;;;;
320290;ITARANA;2024;11;2024-11;7;;;;;;
320290;ITARANA;2024;12;2024-12;4;;;;;;
320290;ITARANA;2025;1;2025-01;5;;;;;;
320290;ITARANA;2025;2;2025-02;6;;;;;;
320290;ITARANA;2025;3;2025-03;5;;;;;;
320290;ITARANA;2025;4;2025-04;6;;;;;;
320290;ITARANA;2025;5;2025-05;8;;;;;;
320290;ITARANA;2025;6;2025-06;8;;;;;;
320290;ITARANA;2025;7;2025-07;9;;;;;;
320290;ITARANA;2025;8;2025-08;17;;;;;;
320290;ITARANA;2025;9;2025-09;15;;;;;;
320290;ITARANA;2025;10;2025-10;1;;;;;;
320290;ITARANA;2025;11;2025-11;12;;;;;;
320290;ITARANA;2025;12;2025-12;5;;;;;;
320300;IUNA;2024;1;2024-01;13;;;;;;
320300;IUNA;2024;2;2024-02;6;;;;;;
320300;IUNA;2024;3;2024-03;12;;;;;;
320300;IUNA;2024;4;2024-04;18;;;;;;
320300;IUNA;2024;5;2024-05;33;;;;;;
320300;IUNA;2024;6;2024-06;22;;;;;;
320300;IUNA;2024;7;2024-07;23;;;;;;
320300;IUNA;2024;8;2024-08;33;;;;;;
320300;IUNA;2024;9;2024-09;28;;;;;;
320300;IUNA;2024;10;2024-10;18;;;;;;
320300;IUNA;2024;11;2024-11;30;;;;;;
320300;IUNA;2024;12;2024-12;17;;;;;;
320300;IUNA;2025;1;2025-01;8;;;;;;
320300;IUNA;2025;2;2025-02;8;;;;;;
320300;IUNA;2025;3;2025-03;6;;;;;;
320300;IUNA;2025;4;2025-04;16;;;;;;
320300;IUNA;2025;5;2025-05;25;;;;;;
320300;IUNA;2025;6;2025-06;33;;;;;;
320300;IUNA;2025;7;2025-07;25;;;;;;
320300;IUNA;2025;8;2025-08;17;;;;;;
320300;IUNA;2025;9;2025-09;28;;;;;;
320300;IUNA;2025;10;2025-10;9;;;;;;
320300;IUNA;2025;11;2025-11;21;;;;;;
320300;IUNA;2025;12;2025-12;15;;;;;;
320305;JAGUARE;2024;1;2024-01;4;;;;;;
320305;JAGUARE;2024;2;2024-02;7;;;;;;
320305;JAGUARE;2024;3;2024-03;5;;;;;;
320305;JAGUARE;2024;4;2024-04;10;;;;;;
320305;JAGUARE;2024;5;2024-05;17;;;;;;
320305;JAGUARE;2024;6;2024-06;10;;;;;;
320305;JAGUARE;2024;7;2024-07;5;;;;;;
320305;JAGUARE;2024;8;2024-08;17;;;;;;
320305;JAGUARE;2024;9;2024-09;8;;;;;;
320305;JAGUARE;2024;10;2024-10;9;;;;;;
320305;JAGUARE;2024;11;2024-11;8;;;;;;
320305;JAGUARE;2024;12;2024-12;6;;;;;;
320305;JAGUARE;2025;1;2025-01;4;;;;;;
320305;JAGUARE;2025;2;2025-02;5;;;;;;
320305;JAGUARE;2025;3;2025-03;3;;;;;;
320305;JAGUARE;2025;4;2025-04;6;;;;;;
320305;JAGUARE;2025;5;2025-05;11;;;;;;
320305;JAGUARE;2025;6;2025-06;8;;;;;;
320305;JAGUARE;2025;7;2025-07;8;;;;;;
320305;JAGUARE;2025;8;2025-08;14;;;;;;
320305;JAGUARE;2025;9;2025-09;8;;;;;;
320305;JAGUARE;2025;10;2025-10;15;;;;;;
320305;JAGUARE;2025;11;2025-11;9;;;;;;
320305;JAGUARE;2025;12;2025-12;6;;;;;;
320310;JERONIMO MONTEIRO;2024;1;2024-01;13;;;;;;
320310;JERONIMO MONTEIRO;2024;2;2024-02;13;;;;;;
320310;JERONIMO MONTEIRO;2024;3;2024-03;5;;;;;;
320310;JERONIMO MONTEIRO;2024;4;2024-04;15;;;;;;
320310;JERONIMO MONTEIRO;2024;5;2024-05;13;;;;;;
320310;JERONIMO MONTEIRO;2024;6;2024-06;15;;;;;;
320310;JERONIMO MONTEIRO;2024;7;2024-07;15;;;;;;
320310;JERONIMO MONTEIRO;2024;8;2024-08;26;;;;;;
320310;JERONIMO MONTEIRO;2024;9;2024-09;21;;;;;;
320310;JERONIMO MONTEIRO;2024;10;2024-10;14;;;;;;
320310;JERONIMO MONTEIRO;2024;11;2024-11;18;;;;;;
320310;JERONIMO MONTEIRO;2024;12;2024-12;14;;;;;;
320310;JERONIMO MONTEIRO;2025;1;2025-01;18;;;;;;
320310;JERONIMO MONTEIRO;2025;2;2025-02;14;;;;;;
320310;JERONIMO MONTEIRO;2025;3;2025-03;12;;;;;;
320310;JERONIMO MONTEIRO;2025;4;2025-04;8;;;;;;
320310;JERONIMO MONTEIRO;2025;5;2025-05;17;;;;;;
320310;JERONIMO MONTEIRO;2025;6;2025-06;25;;;;;;
320310;JERONIMO MONTEIRO;2025;7;2025-07;22;;;;;;
320310;JERONIMO MONTEIRO;2025;8;2025-08;18;;;;;;
320310;JERONIMO MONTEIRO;2025;9;2025-09;21;;;;;;
320310;JERONIMO MONTEIRO;2025;10;2025-10;13;;;;;;
320310;JERONIMO MONTEIRO;2025;11;2025-11;20;;;;;;
320310;JERONIMO MONTEIRO;2025;12;2025-12;14;;;;;;
320313;JOAO NEIVA;2024;1;2024-01;6;;;;;;
320313;JOAO NEIVA;2024;2;2024-02;2;;;;;;
320313;JOAO NEIVA;2024;3;2024-03;3;;;;;;
320313;JOAO NEIVA;2024;4;2024-04;2;;;;;;
320313;JOAO NEIVA;2024;5;2024-05;3;;;;;;
320313;JOAO NEIVA;2024;6;2024-06;5;;;;;;
320313;JOAO NEIVA;2024;7;2024-07;7;;;;;;
320313;JOAO NEIVA;2024;8;2024-08;4;;;;;;
320313;JOAO NEIVA;2024;9;2024-09;4;;;;;;
320313;JOAO NEIVA;2024;10;2024-10;10;;;;;;
320313;JOAO NEIVA;2024;11;2024-11;4;;;;;;
320313;JOAO NEIVA;2024;12;2024-12;3;;;;;;
320313;JOAO NEIVA;2025;1;2025-01;2;;;;;;
320313;JOAO NEIVA;2025;2;2025-02;1;;;;;;
320313;JOAO NEIVA;2025;3;2025-03;3;;;;;;
320313;JOAO NEIVA;2025;4;2025-04;2;;;;;;
320313;JOAO NEIVA;2025;5;2025-05;9;;;;;;
320313;JOAO NEIVA;2025;6;2025-06;1;;;;;;
320313;JOAO NEIVA;2025;7;2025-07;10;;;;;;
320313;JOAO NEIVA;2025;8;2025-08;9;;;;;;
320313;JOAO NEIVA;2025;9;2025-09;4;;;;;;
320313;JOAO NEIVA;2025;10;2025-10;2;;;;;;
320313;JOAO NEIVA;2025;11;2025-11;5;;;;;;
320313;JOAO NEIVA;2025;12;2025-12;4;;;;;;
320316;LARANJA DA TERRA;2024;1;2024-01;3;;;;;;
320316;LARANJA DA TERRA;2024;2;2024-02;5;;;;;;
320316;LARANJA DA TERRA;2024;3;2024-03;6;;;;;;
320316;LARANJA DA TERRA;2024;4;2024-04;5;;;;;;
320316;LARANJA DA TERRA;2024;5;2024-05;12;;;;;;
320316;LARANJA DA TERRA;2024;6;2024-06;7;;;;;;
320316;LARANJA DA TERRA;2024;7;2024-07;8;;;;;;
320316;LARANJA DA TERRA;2024;8;2024-08;5;;;;;;
320316;LARANJA DA TERRA;2024;9;2024-09;7;;;;;;
320316;LARANJA DA TERRA;2024;10;2024-10;4;;;;;;
320316;LARANJA DA TERRA;2024;11;2024-11;5;;;;;;
320316;LARANJA DA TERRA;2024;12;2024-12;8;;;;;;
320316;LARANJA DA TERRA;2025;1;2025-01;5;;;;;;
320316;LARANJA DA TERRA;2025;2;2025-02;8;;;;;;
320316;LARANJA DA TERRA;2025;3;2025-03;6;;;;;;
320316;LARANJA DA TERRA;2025;4;2025-04;4;;;;;;
320316;LARANJA DA TERRA;2025;5;2025-05;7;;;;;;
320316;LARANJA DA TERRA;2025;6;2025-06;6;;;;;;
320316;LARANJA DA TERRA;2025;7;2025-07;7;;;;;;
320316;LARANJA DA TERRA;2025;8;2025-08;6;;;;;;
320316;LARANJA DA TERRA;2025;9;2025-09;7;;;;;;
320316;LARANJA DA TERRA;2025;10;2025-10;3;;;;;;
320316;LARANJA DA TERRA;2025;11;2025-11;9;;;;;;
320316;LARANJA DA TERRA;2025;12;2025-12;2;;;;;;
320320;LINHARES;2024;1;2024-01;73;;;;;;
320320;LINHARES;2024;2;2024-02;64;;;;;;
320320;LINHARES;2024;3;2024-03;63;;;;;;
320320;LINHARES;2024;4;2024-04;71;;;;;;
320320;LINHARES;2024;5;2024-05;77;;;;;;
320320;LINHARES;2024;6;2024-06;88;;;;;;
320320;LINHARES;2024;7;2024-07;69;;;;;;
320320;LINHARES;2024;8;2024-08;76;;;;;;
320320;LINHARES;2024;9;2024-09;73;;;;;;
320320;LINHARES;2024;10;2024-10;88;;;;;;
320320;LINHARES;2024;11;2024-11;52;;;;;;
320320;LINHARES;2024;12;2024-12;56;;;;;;
320320;LINHARES;2025;1;2025-01;66;;;;;;
320320;LINHARES;2025;2;2025-02;74;;;;;;
320320;LINHARES;2025;3;2025-03;57;;;;;;
320320;LINHARES;2025;4;2025-04;55;;;;;;
320320;LINHARES;2025;5;2025-05;57;;;;;;
320320;LINHARES;2025;6;2025-06;69;;;;;;
320320;LINHARES;2025;7;2025-07;48;;;;;;
320320;LINHARES;2025;8;2025-08;69;;;;;;
320320;LINHARES;2025;9;2025-09;73;;;;;;
320320;LINHARES;2025;10;2025-10;68;;;;;;
320320;LINHARES;2025;11;2025-11;44;;;;;;
320320;LINHARES;2025;12;2025-12;57;;;;;;
320340;MIMOSO DO SUL;2024;1;2024-01;15;;;;;;
320340;MIMOSO DO SUL;2024;2;2024-02;9;;;;;;
320340;MIMOSO DO SUL;2024;3;2024-03;13;;;;;;
320340;MIMOSO DO SUL;2024;4;2024-04;21;;;;;;
320340;MIMOSO DO SUL;2024;5;2024-05;15;;;;;;
320340;MIMOSO DO SUL;2024;6;2024-06;26;;;;;;
320340;MIMOSO DO SUL;2024;7;2024-07;18;;;;;;
320340;MIMOSO DO SUL;2024;8;2024-08;14;;;;;;
320340;MIMOSO DO SUL;2024;9;2024-09;16;;;;;;
320340;MIMOSO DO SUL;2024;10;2024-10;20;;;;;;
320340;MIMOSO DO SUL;2024;11;2024-11;20;;;;;;
320340;MIMOSO DO SUL;2024;12;2024-12;12;;;;;;
320340;MIMOSO DO SUL;2025;1;2025-01;12;;;;;;
320340;MIMOSO DO SUL;2025;2;2025-02;3;;;;;;
320340;MIMOSO DO SUL;2025;3;2025-03;11;;;;;;
320340;MIMOSO DO SUL;2025;4;2025-04;20;;;;;;
320340;MIMOSO DO SUL;2025;5;2025-05;14;;;;;;
320340;MIMOSO DO SUL;2025;6;2025-06;13;;;;;;
320340;MIMOSO DO SUL;2025;7;2025-07;9;;;;;;
320340;MIMOSO DO SUL;2025;8;2025-08;9;;;;;;
320340;MIMOSO DO SUL;2025;9;2025-09;16;;;;;;
320340;MIMOSO DO SUL;2025;10;2025-10;23;;;;;;
320340;MIMOSO DO SUL;2025;11;2025-11;16;;;;;;
320340;MIMOSO DO SUL;2025;12;2025-12;19;;;;;;
320350;MONTANHA;2024;1;2024-01;11;;;;;;
320350;MONTANHA;2024;2;2024-02;5;;;;;;
320350;MONTANHA;2024;3;2024-03;12;;;;;;
320350;MONTANHA;2024;4;2024-04;14;;;;;;
320350;MONTANHA;2024;5;2024-05;25;;;;;;
320350;MONTANHA;2024;6;2024-06;20;;;;;;
320350;MONTANHA;2024;7;2024-07;20;;;;;;
320350;MONTANHA;2024;8;2024-08;20;;;;;;
320350;MONTANHA;2024;9;2024-09;18;;;;;;
320350;MONTANHA;2024;10;2024-10;25;;;;;;
320350;MONTANHA;2024;11;2024-11;18;;;;;;
320350;MONTANHA;2024;12;2024-12;17;;;;;;
320350;MONTANHA;2025;1;2025-01;7;;;;;;
320350;MONTANHA;2025;2;2025-02;13;;;;;;
320350;MONTANHA;2025;3;2025-03;10;;;;;;
320350;MONTANHA;2025;4;2025-04;18;;;;;;
320350;MONTANHA;2025;5;2025-05;30;;;;;;
320350;MONTANHA;2025;6;2025-06;14;;;;;;
320350;MONTANHA;2025;7;2025-07;15;;;;;;
320350;MONTANHA;2025;8;2025-08;15;;;;;;
320350;MONTANHA;2025;9;2025-09;18;;;;;;
320350;MONTANHA;2025;10;2025-10;11;;;;;;
320350;MONTANHA;2025;11;2025-11;8;;;;;;
320350;MONTANHA;2025;12;2025-12;-;;;;;;
320360;MUCURICI;2024;1;2024-01;7;;;;;;
320360;MUCURICI;2024;2;2024-02;11;;;;;;
320360;MUCURICI;2024;3;2024-03;3;;;;;;
320360;MUCURICI;2024;4;2024-04;11;;;;;;
320360;MUCURICI;2024;5;2024-05;12;;;;;;
320360;MUCURICI;2024;6;2024-06;17;;;;;;
320360;MUCURICI;2024;7;2024-07;7;;;;;;
320360;MUCURICI;2024;8;2024-08;8;;;;;;
320360;MUCURICI;2024;9;2024-09;9;;;;;;
320360;MUCURICI;2024;10;2024-10;3;;;;;;
320360;MUCURICI;2024;11;2024-11;10;;;;;;
320360;MUCURICI;2024;12;2024-12;10;;;;;;
320360;MUCURICI;2025;1;2025-01;10;;;;;;
320360;MUCURICI;2025;2;2025-02;2;;;;;;
320360;MUCURICI;2025;3;2025-03;7;;;;;;
320360;MUCURICI;2025;4;2025-04;8;;;;;;
320360;MUCURICI;2025;5;2025-05;21;;;;;;
320360;MUCURICI;2025;6;2025-06;14;;;;;;
320360;MUCURICI;2025;7;2025-07;3;;;;;;
320360;MUCURICI;2025;8;2025-08;6;;;;;;
320360;MUCURICI;2025;9;2025-09;9;;;;;;
320360;MUCURICI;2025;10;2025-10;9;;;;;;
320360;MUCURICI;2025;11;2025-11;11;;;;;;
320360;MUCURICI;2025;12;2025-12;9;;;;;;
320370;MUNIZ FREIRE;2024;1;2024-01;8;;;;;;
320370;MUNIZ FREIRE;2024;2;2024-02;-;;;;;;
320370;MUNIZ FREIRE;2024;3;2024-03;2;;;;;;
320370;MUNIZ FREIRE;2024;4;2024-04;3;;;;;;
320370;MUNIZ FREIRE;2024;5;2024-05;6;;;;;;
320370;MUNIZ FREIRE;2024;6;2024-06;13;;;;;;
320370;MUNIZ FREIRE;2024;7;2024-07;6;;;;;;
320370;MUNIZ FREIRE;2024;8;2024-08;9;;;;;;
320370;MUNIZ FREIRE;2024;9;2024-09;4;;;;;;
320370;MUNIZ FREIRE;2024;10;2024-10;10;;;;;;
320370;MUNIZ FREIRE;2024;11;2024-11;12;;;;;;
320370;MUNIZ FREIRE;2024;12;2024-12;11;;;;;;
320370;MUNIZ FREIRE;2025;1;2025-01;4;;;;;;
320370;MUNIZ FREIRE;2025;2;2025-02;8;;;;;;
320370;MUNIZ FREIRE;2025;3;2025-03;4;;;;;;
320370;MUNIZ FREIRE;2025;4;2025-04;2;;;;;;
320370;MUNIZ FREIRE;2025;5;2025-05;4;;;;;;
320370;MUNIZ FREIRE;2025;6;2025-06;18;;;;;;
320370;MUNIZ FREIRE;2025;7;2025-07;15;;;;;;
320370;MUNIZ FREIRE;2025;8;2025-08;23;;;;;;
320370;MUNIZ FREIRE;2025;9;2025-09;4;;;;;;
320370;MUNIZ FREIRE;2025;10;2025-10;14;;;;;;
320370;MUNIZ FREIRE;2025;11;2025-11;10;;;;;;
320370;MUNIZ FREIRE;2025;12;2025-12;18;;;;;;
320380;MUQUI;2024;1;2024-01;6;;;;;;
320380;MUQUI;2024;2;2024-02;10;;;;;;
320380;MUQUI;2024;3;2024-03;5;;;;;;
320380;MUQUI;2024;4;2024-04;11;;;;;;
320380;MUQUI;2024;5;2024-05;9;;;;;;
320380;MUQUI;2024;6;2024-06;9;;;;;;
320380;MUQUI;2024;7;2024-07;15;;;;;;
320380;MUQUI;2024;8;2024-08;13;;;;;;
320380;MUQUI;2024;9;2024-09;8;;;;;;
320380;MUQUI;2024;10;2024-10;14;;;;;;
320380;MUQUI;2024;11;2024-11;7;;;;;;
320380;MUQUI;2024;12;2024-12;7;;;;;;
320380;MUQUI;2025;1;2025-01;7;;;;;;
320380;MUQUI;2025;2;2025-02;8;;;;;;
320380;MUQUI;2025;3;2025-03;4;;;;;;
320380;MUQUI;2025;4;2025-04;-;;;;;;
320380;MUQUI;2025;5;2025-05;-;;;;;;
320380;MUQUI;2025;6;2025-06;-;;;;;;
320380;MUQUI;2025;7;2025-07;-;;;;;;
320380;MUQUI;2025;8;2025-08;-;;;;;;
320380;MUQUI;2025;9;2025-09;8;;;;;;
320380;MUQUI;2025;10;2025-10;-;;;;;;
320380;MUQUI;2025;11;2025-11;-;;;;;;
320380;MUQUI;2025;12;2025-12;-;;;;;;
320390;NOVA VENECIA;2024;1;2024-01;19;;;;;;
320390;NOVA VENECIA;2024;2;2024-02;15;;;;;;
320390;NOVA VENECIA;2024;3;2024-03;33;;;;;;
320390;NOVA VENECIA;2024;4;2024-04;38;;;;;;
320390;NOVA VENECIA;2024;5;2024-05;50;;;;;;
320390;NOVA VENECIA;2024;6;2024-06;40;;;;;;
320390;NOVA VENECIA;2024;7;2024-07;51;;;;;;
320390;NOVA VENECIA;2024;8;2024-08;49;;;;;;
320390;NOVA VENECIA;2024;9;2024-09;38;;;;;;
320390;NOVA VENECIA;2024;10;2024-10;56;;;;;;
320390;NOVA VENECIA;2024;11;2024-11;56;;;;;;
320390;NOVA VENECIA;2024;12;2024-12;33;;;;;;
320390;NOVA VENECIA;2025;1;2025-01;28;;;;;;
320390;NOVA VENECIA;2025;2;2025-02;33;;;;;;
320390;NOVA VENECIA;2025;3;2025-03;23;;;;;;
320390;NOVA VENECIA;2025;4;2025-04;28;;;;;;
320390;NOVA VENECIA;2025;5;2025-05;44;;;;;;
320390;NOVA VENECIA;2025;6;2025-06;53;;;;;;
320390;NOVA VENECIA;2025;7;2025-07;59;;;;;;
320390;NOVA VENECIA;2025;8;2025-08;49;;;;;;
320390;NOVA VENECIA;2025;9;2025-09;38;;;;;;
320390;NOVA VENECIA;2025;10;2025-10;47;;;;;;
320390;NOVA VENECIA;2025;11;2025-11;28;;;;;;
320390;NOVA VENECIA;2025;12;2025-12;22;;;;;;
320400;PANCAS;2024;1;2024-01;1;;;;;;
320400;PANCAS;2024;2;2024-02;3;;;;;;
320400;PANCAS;2024;3;2024-03;3;;;;;;
320400;PANCAS;2024;4;2024-04;4;;;;;;
320400;PANCAS;2024;5;2024-05;2;;;;;;
320400;PANCAS;2024;6;2024-06;4;;;;;;
320400;PANCAS;2024;7;2024-07;4;;;;;;
320400;PANCAS;2024;8;2024-08;1;;;;;;
320400;PANCAS;2024;9;2024-09;6;;;;;;
320400;PANCAS;2024;10;2024-10;1;;;;;;
320400;PANCAS;2024;11;2024-11;1;;;;;;
320400;PANCAS;2024;12;2024-12;1;;;;;;
320400;PANCAS;2025;1;2025-01;1;;;;;;
320400;PANCAS;2025;2;2025-02;3;;;;;;
320400;PANCAS;2025;3;2025-03;4;;;;;;
320400;PANCAS;2025;4;2025-04;1;;;;;;
320400;PANCAS;2025;5;2025-05;6;;;;;;
320400;PANCAS;2025;6;2025-06;2;;;;;;
320400;PANCAS;2025;7;2025-07;6;;;;;;
320400;PANCAS;2025;8;2025-08;1;;;;;;
320400;PANCAS;2025;9;2025-09;6;;;;;;
320400;PANCAS;2025;10;2025-10;-;;;;;;
320400;PANCAS;2025;11;2025-11;-;;;;;;
320400;PANCAS;2025;12;2025-12;-;;;;;;
320405;PEDRO CANARIO;2024;1;2024-01;11;;;;;;
320405;PEDRO CANARIO;2024;2;2024-02;6;;;;;;
320405;PEDRO CANARIO;2024;3;2024-03;2;;;;;;
320405;PEDRO CANARIO;2024;4;2024-04;19;;;;;;
320405;PEDRO CANARIO;2024;5;2024-05;32;;;;;;
320405;PEDRO CANARIO;2024;6;2024-06;27;;;;;;
320405;PEDRO CANARIO;2024;7;2024-07;27;;;;;;
320405;PEDRO CANARIO;2024;8;2024-08;20;;;;;;
320405;PEDRO CANARIO;2024;9;2024-09;30;;;;;;
320405;PEDRO CANARIO;2024;10;2024-10;28;;;;;;
320405;PEDRO CANARIO;2024;11;2024-11;18;;;;;;
320405;PEDRO CANARIO;2024;12;2024-12;22;;;;;;
320405;PEDRO CANARIO;2025;1;2025-01;12;;;;;;
320405;PEDRO CANARIO;2025;2;2025-02;3;;;;;;
320405;PEDRO CANARIO;2025;3;2025-03;15;;;;;;
320405;PEDRO CANARIO;2025;4;2025-04;13;;;;;;
320405;PEDRO CANARIO;2025;5;2025-05;38;;;;;;
320405;PEDRO CANARIO;2025;6;2025-06;30;;;;;;
320405;PEDRO CANARIO;2025;7;2025-07;20;;;;;;
320405;PEDRO CANARIO;2025;8;2025-08;21;;;;;;
320405;PEDRO CANARIO;2025;9;2025-09;30;;;;;;
320405;PEDRO CANARIO;2025;10;2025-10;9;;;;;;
320405;PEDRO CANARIO;2025;11;2025-11;29;;;;;;
320405;PEDRO CANARIO;2025;12;2025-12;21;;;;;;
320410;PINHEIROS;2024;1;2024-01;13;;;;;;
320410;PINHEIROS;2024;2;2024-02;11;;;;;;
320410;PINHEIROS;2024;3;2024-03;14;;;;;;
320410;PINHEIROS;2024;4;2024-04;19;;;;;;
320410;PINHEIROS;2024;5;2024-05;14;;;;;;
320410;PINHEIROS;2024;6;2024-06;26;;;;;;
320410;PINHEIROS;2024;7;2024-07;15;;;;;;
320410;PINHEIROS;2024;8;2024-08;17;;;;;;
320410;PINHEIROS;2024;9;2024-09;15;;;;;;
320410;PINHEIROS;2024;10;2024-10;15;;;;;;
320410;PINHEIROS;2024;11;2024-11;22;;;;;;
320410;PINHEIROS;2024;12;2024-12;13;;;;;;
320410;PINHEIROS;2025;1;2025-01;13;;;;;;
320410;PINHEIROS;2025;2;2025-02;12;;;;;;
320410;PINHEIROS;2025;3;2025-03;8;;;;;;
320410;PINHEIROS;2025;4;2025-04;11;;;;;;
320410;PINHEIROS;2025;5;2025-05;14;;;;;;
320410;PINHEIROS;2025;6;2025-06;12;;;;;;
320410;PINHEIROS;2025;7;2025-07;23;;;;;;
320410;PINHEIROS;2025;8;2025-08;10;;;;;;
320410;PINHEIROS;2025;9;2025-09;15;;;;;;
320410;PINHEIROS;2025;10;2025-10;14;;;;;;
320410;PINHEIROS;2025;11;2025-11;16;;;;;;
320410;PINHEIROS;2025;12;2025-12;12;;;;;;
320435;RIO BANANAL;2024;1;2024-01;2;;;;;;
320435;RIO BANANAL;2024;2;2024-02;-;;;;;;
320435;RIO BANANAL;2024;3;2024-03;1;;;;;;
320435;RIO BANANAL;2024;4;2024-04;1;;;;;;
320435;RIO BANANAL;2024;5;2024-05;5;;;;;;
320435;RIO BANANAL;2024;6;2024-06;17;;;;;;
320435;RIO BANANAL;2024;7;2024-07;2;;;;;;
320435;RIO BANANAL;2024;8;2024-08;1;;;;;;
320435;RIO BANANAL;2024;9;2024-09;1;;;;;;
320435;RIO BANANAL;2024;10;2024-10;3;;;;;;
320435;RIO BANANAL;2024;11;2024-11;-;;;;;;
320435;RIO BANANAL;2024;12;2024-12;2;;;;;;
320435;RIO BANANAL;2025;1;2025-01;3;;;;;;
320435;RIO BANANAL;2025;2;2025-02;1;;;;;;
320435;RIO BANANAL;2025;3;2025-03;1;;;;;;
320435;RIO BANANAL;2025;4;2025-04;4;;;;;;
320435;RIO BANANAL;2025;5;2025-05;1;;;;;;
320435;RIO BANANAL;2025;6;2025-06;6;;;;;;
320435;RIO BANANAL;2025;7;2025-07;2;;;;;;
320435;RIO BANANAL;2025;8;2025-08;6;;;;;;
320435;RIO BANANAL;2025;9;2025-09;1;;;;;;
320435;RIO BANANAL;2025;10;2025-10;4;;;;;;
320435;RIO BANANAL;2025;11;2025-11;-;;;;;;
320435;RIO BANANAL;2025;12;2025-12;2;;;;;;
320450;SANTA LEOPOLDINA;2024;1;2024-01;5;;;;;;
320450;SANTA LEOPOLDINA;2024;2;2024-02;6;;;;;;
320450;SANTA LEOPOLDINA;2024;3;2024-03;4;;;;;;
320450;SANTA LEOPOLDINA;2024;4;2024-04;5;;;;;;
320450;SANTA LEOPOLDINA;2024;5;2024-05;14;;;;;;
320450;SANTA LEOPOLDINA;2024;6;2024-06;3;;;;;;
320450;SANTA LEOPOLDINA;2024;7;2024-07;6;;;;;;
320450;SANTA LEOPOLDINA;2024;8;2024-08;11;;;;;;
320450;SANTA LEOPOLDINA;2024;9;2024-09;4;;;;;;
320450;SANTA LEOPOLDINA;2024;10;2024-10;4;;;;;;
320450;SANTA LEOPOLDINA;2024;11;2024-11;4;;;;;;
320450;SANTA LEOPOLDINA;2024;12;2024-12;3;;;;;;
320450;SANTA LEOPOLDINA;2025;1;2025-01;3;;;;;;
320450;SANTA LEOPOLDINA;2025;2;2025-02;2;;;;;;
320450;SANTA LEOPOLDINA;2025;3;2025-03;7;;;;;;
320450;SANTA LEOPOLDINA;2025;4;2025-04;3;;;;;;
320450;SANTA LEOPOLDINA;2025;5;2025-05;3;;;;;;
320450;SANTA LEOPOLDINA;2025;6;2025-06;3;;;;;;
320450;SANTA LEOPOLDINA;2025;7;2025-07;5;;;;;;
320450;SANTA LEOPOLDINA;2025;8;2025-08;5;;;;;;
320450;SANTA LEOPOLDINA;2025;9;2025-09;4;;;;;;
320450;SANTA LEOPOLDINA;2025;10;2025-10;3;;;;;;
320450;SANTA LEOPOLDINA;2025;11;2025-11;6;;;;;;
320450;SANTA LEOPOLDINA;2025;12;2025-12;9;;;;;;
320455;SANTA MARIA DE JETIBA;2024;1;2024-01;14;;;;;;
320455;SANTA MARIA DE JETIBA;2024;2;2024-02;18;;;;;;
320455;SANTA MARIA DE JETIBA;2024;3;2024-03;15;;;;;;
320455;SANTA MARIA DE JETIBA;2024;4;2024-04;33;;;;;;
320455;SANTA MARIA DE JETIBA;2024;5;2024-05;36;;;;;;
320455;SANTA MARIA DE JETIBA;2024;6;2024-06;19;;;;;;
320455;SANTA MARIA DE JETIBA;2024;7;2024-07;44;;;;;;
320455;SANTA MARIA DE JETIBA;2024;8;2024-08;37;;;;;;
320455;SANTA MARIA DE JETIBA;2024;9;2024-09;35;;;;;;
320455;SANTA MARIA DE JETIBA;2024;10;2024-10;25;;;;;;
320455;SANTA MARIA DE JETIBA;2024;11;2024-11;19;;;;;;
320455;SANTA MARIA DE JETIBA;2024;12;2024-12;25;;;;;;
320455;SANTA MARIA DE JETIBA;2025;1;2025-01;21;;;;;;
320455;SANTA MARIA DE JETIBA;2025;2;2025-02;25;;;;;;
320455;SANTA MARIA DE JETIBA;2025;3;2025-03;19;;;;;;
320455;SANTA MARIA DE JETIBA;2025;4;2025-04;31;;;;;;
320455;SANTA MARIA DE JETIBA;2025;5;2025-05;27;;;;;;
320455;SANTA MARIA DE JETIBA;2025;6;2025-06;33;;;;;;
320455;SANTA MARIA DE JETIBA;2025;7;2025-07;28;;;;;;
320455;SANTA MARIA DE JETIBA;2025;8;2025-08;20;;;;;;
320455;SANTA MARIA DE JETIBA;2025;9;2025-09;35;;;;;;
320455;SANTA MARIA DE JETIBA;2025;10;2025-10;12;;;;;;
320455;SANTA MARIA DE JETIBA;2025;11;2025-11;15;;;;;;
320455;SANTA MARIA DE JETIBA;2025;12;2025-12;16;;;;;;
320460;SANTA TERESA;2024;1;2024-01;17;;;;;;
320460;SANTA TERESA;2024;2;2024-02;18;;;;;;
320460;SANTA TERESA;2024;3;2024-03;21;;;;;;
320460;SANTA TERESA;2024;4;2024-04;30;;;;;;
320460;SANTA TERESA;2024;5;2024-05;36;;;;;;
320460;SANTA TERESA;2024;6;2024-06;21;;;;;;
320460;SANTA TERESA;2024;7;2024-07;44;;;;;;
320460;SANTA TERESA;2024;8;2024-08;25;;;;;;
320460;SANTA TERESA;2024;9;2024-09;29;;;;;;
320460;SANTA TERESA;2024;10;2024-10;36;;;;;;
320460;SANTA TERESA;2024;11;2024-11;17;;;;;;
320460;SANTA TERESA;2024;12;2024-12;21;;;;;;
320460;SANTA TERESA;2025;1;2025-01;28;;;;;;
320460;SANTA TERESA;2025;2;2025-02;23;;;;;;
320460;SANTA TERESA;2025;3;2025-03;24;;;;;;
320460;SANTA TERESA;2025;4;2025-04;22;;;;;;
320460;SANTA TERESA;2025;5;2025-05;40;;;;;;
320460;SANTA TERESA;2025;6;2025-06;28;;;;;;
320460;SANTA TERESA;2025;7;2025-07;33;;;;;;
320460;SANTA TERESA;2025;8;2025-08;25;;;;;;
320460;SANTA TERESA;2025;9;2025-09;29;;;;;;
320460;SANTA TERESA;2025;10;2025-10;28;;;;;;
320460;SANTA TERESA;2025;11;2025-11;23;;;;;;
320460;SANTA TERESA;2025;12;2025-12;33;;;;;;
320470;SAO GABRIEL DA PALHA;2024;1;2024-01;5;;;;;;
320470;SAO GABRIEL DA PALHA;2024;2;2024-02;1;;;;;;
320470;SAO GABRIEL DA PALHA;2024;3;2024-03;9;;;;;;
320470;SAO GABRIEL DA PALHA;2024;4;2024-04;13;;;;;;
320470;SAO GABRIEL DA PALHA;2024;5;2024-05;13;;;;;;
320470;SAO GABRIEL DA PALHA;2024;6;2024-06;11;;;;;;
320470;SAO GABRIEL DA PALHA;2024;7;2024-07;9;;;;;;
320470;SAO GABRIEL DA PALHA;2024;8;2024-08;13;;;;;;
320470;SAO GABRIEL DA PALHA;2024;9;2024-09;12;;;;;;
320470;SAO GABRIEL DA PALHA;2024;10;2024-10;10;;;;;;
320470;SAO GABRIEL DA PALHA;2024;11;2024-11;7;;;;;;
320470;SAO GABRIEL DA PALHA;2024;12;2024-12;6;;;;;;
320470;SAO GABRIEL DA PALHA;2025;1;2025-01;9;;;;;;
320470;SAO GABRIEL DA PALHA;2025;2;2025-02;2;;;;;;
320470;SAO GABRIEL DA PALHA;2025;3;2025-03;5;;;;;;
320470;SAO GABRIEL DA PALHA;2025;4;2025-04;7;;;;;;
320470;SAO GABRIEL DA PALHA;2025;5;2025-05;5;;;;;;
320470;SAO GABRIEL DA PALHA;2025;6;2025-06;10;;;;;;
320470;SAO GABRIEL DA PALHA;2025;7;2025-07;10;;;;;;
320470;SAO GABRIEL DA PALHA;2025;8;2025-08;5;;;;;;
320470;SAO GABRIEL DA PALHA;2025;9;2025-09;12;;;;;;
320470;SAO GABRIEL DA PALHA;2025;10;2025-10;17;;;;;;
320470;SAO GABRIEL DA PALHA;2025;11;2025-11;10;;;;;;
320470;SAO GABRIEL DA PALHA;2025;12;2025-12;9;;;;;;
320480;SAO JOSE DO CALCADO;2024;1;2024-01;30;;;;;;
320480;SAO JOSE DO CALCADO;2024;2;2024-02;44;;;;;;
320480;SAO JOSE DO CALCADO;2024;3;2024-03;36;;;;;;
320480;SAO JOSE DO CALCADO;2024;4;2024-04;64;;;;;;
320480;SAO JOSE DO CALCADO;2024;5;2024-05;56;;;;;;
320480;SAO JOSE DO CALCADO;2024;6;2024-06;48;;;;;;
320480;SAO JOSE DO CALCADO;2024;7;2024-07;57;;;;;;
320480;SAO JOSE DO CALCADO;2024;8;2024-08;39;;;;;;
320480;SAO JOSE DO CALCADO;2024;9;2024-09;67;;;;;;
320480;SAO JOSE DO CALCADO;2024;10;2024-10;48;;;;;;
320480;SAO JOSE DO CALCADO;2024;11;2024-11;44;;;;;;
320480;SAO JOSE DO CALCADO;2024;12;2024-12;16;;;;;;
320480;SAO JOSE DO CALCADO;2025;1;2025-01;-;;;;;;
320480;SAO JOSE DO CALCADO;2025;2;2025-02;52;;;;;;
320480;SAO JOSE DO CALCADO;2025;3;2025-03;32;;;;;;
320480;SAO JOSE DO CALCADO;2025;4;2025-04;29;;;;;;
320480;SAO JOSE DO CALCADO;2025;5;2025-05;50;;;;;;
320480;SAO JOSE DO CALCADO;2025;6;2025-06;53;;;;;;
320480;SAO JOSE DO CALCADO;2025;7;2025-07;52;;;;;;
320480;SAO JOSE DO CALCADO;2025;8;2025-08;34;;;;;;
320480;SAO JOSE DO CALCADO;2025;9;2025-09;67;;;;;;
320480;SAO JOSE DO CALCADO;2025;10;2025-10;-;;;;;;
320480;SAO JOSE DO CALCADO;2025;11;2025-11;-;;;;;;
320480;SAO JOSE DO CALCADO;2025;12;2025-12;-;;;;;;
320490;SAO MATEUS;2024;1;2024-01;134;;;;;;
320490;SAO MATEUS;2024;2;2024-02;99;;;;;;
320490;SAO MATEUS;2024;3;2024-03;138;;;;;;
320490;SAO MATEUS;2024;4;2024-04;176;;;;;;
320490;SAO MATEUS;2024;5;2024-05;171;;;;;;
320490;SAO MATEUS;2024;6;2024-06;165;;;;;;
320490;SAO MATEUS;2024;7;2024-07;146;;;;;;
320490;SAO MATEUS;2024;8;2024-08;250;;;;;;
320490;SAO MATEUS;2024;9;2024-09;221;;;;;;
320490;SAO MATEUS;2024;10;2024-10;191;;;;;;
320490;SAO MATEUS;2024;11;2024-11;140;;;;;;
320490;SAO MATEUS;2024;12;2024-12;142;;;;;;
320490;SAO MATEUS;2025;1;2025-01;169;;;;;;
320490;SAO MATEUS;2025;2;2025-02;189;;;;;;
320490;SAO MATEUS;2025;3;2025-03;118;;;;;;
320490;SAO MATEUS;2025;4;2025-04;129;;;;;;
320490;SAO MATEUS;2025;5;2025-05;132;;;;;;
320490;SAO MATEUS;2025;6;2025-06;194;;;;;;
320490;SAO MATEUS;2025;7;2025-07;190;;;;;;
320490;SAO MATEUS;2025;8;2025-08;194;;;;;;
320490;SAO MATEUS;2025;9;2025-09;221;;;;;;
320490;SAO MATEUS;2025;10;2025-10;160;;;;;;
320490;SAO MATEUS;2025;11;2025-11;157;;;;;;
320490;SAO MATEUS;2025;12;2025-12;129;;;;;;
320500;SERRA;2024;1;2024-01;107;;;;;;
320500;SERRA;2024;2;2024-02;77;;;;;;
320500;SERRA;2024;3;2024-03;102;;;;;;
320500;SERRA;2024;4;2024-04;78;;;;;;
320500;SERRA;2024;5;2024-05;116;;;;;;
320500;SERRA;2024;6;2024-06;116;;;;;;
320500;SERRA;2024;7;2024-07;162;;;;;;
320500;SERRA;2024;8;2024-08;274;;;;;;
320500;SERRA;2024;9;2024-09;386;;;;;;
320500;SERRA;2024;10;2024-10;171;;;;;;
320500;SERRA;2024;11;2024-11;220;;;;;;
320500;SERRA;2024;12;2024-12;172;;;;;;
320500;SERRA;2025;1;2025-01;144;;;;;;
320500;SERRA;2025;2;2025-02;160;;;;;;
320500;SERRA;2025;3;2025-03;183;;;;;;
320500;SERRA;2025;4;2025-04;268;;;;;;
320500;SERRA;2025;5;2025-05;326;;;;;;
320500;SERRA;2025;6;2025-06;371;;;;;;
320500;SERRA;2025;7;2025-07;295;;;;;;
320500;SERRA;2025;8;2025-08;319;;;;;;
320500;SERRA;2025;9;2025-09;386;;;;;;
320500;SERRA;2025;10;2025-10;229;;;;;;
320500;SERRA;2025;11;2025-11;297;;;;;;
320500;SERRA;2025;12;2025-12;251;;;;;;
320503;VARGEM ALTA;2024;1;2024-01;8;;;;;;
320503;VARGEM ALTA;2024;2;2024-02;3;;;;;;
320503;VARGEM ALTA;2024;3;2024-03;11;;;;;;
320503;VARGEM ALTA;2024;4;2024-04;10;;;;;;
320503;VARGEM ALTA;2024;5;2024-05;13;;;;;;
320503;VARGEM ALTA;2024;6;2024-06;6;;;;;;
320503;VARGEM ALTA;2024;7;2024-07;13;;;;;;
320503;VARGEM ALTA;2024;8;2024-08;15;;;;;;
320503;VARGEM ALTA;2024;9;2024-09;11;;;;;;
320503;VARGEM ALTA;2024;10;2024-10;14;;;;;;
320503;VARGEM ALTA;2024;11;2024-11;13;;;;;;
320503;VARGEM ALTA;2024;12;2024-12;12;;;;;;
320503;VARGEM ALTA;2025;1;2025-01;9;;;;;;
320503;VARGEM ALTA;2025;2;2025-02;8;;;;;;
320503;VARGEM ALTA;2025;3;2025-03;7;;;;;;
320503;VARGEM ALTA;2025;4;2025-04;9;;;;;;
320503;VARGEM ALTA;2025;5;2025-05;14;;;;;;
320503;VARGEM ALTA;2025;6;2025-06;15;;;;;;
320503;VARGEM ALTA;2025;7;2025-07;15;;;;;;
320503;VARGEM ALTA;2025;8;2025-08;9;;;;;;
320503;VARGEM ALTA;2025;9;2025-09;11;;;;;;
320503;VARGEM ALTA;2025;10;2025-10;6;;;;;;
320503;VARGEM ALTA;2025;11;2025-11;10;;;;;;
320503;VARGEM ALTA;2025;12;2025-12;6;;;;;;
320506;VENDA NOVA DO IMIGRANTE;2024;1;2024-01;12;;;;;;
320506;VENDA NOVA DO IMIGRANTE;2024;2;2024-02;21;;;;;;
320506;VENDA NOVA DO IMIGRANTE;2024;3;2024-03;26;;;;;;
320506;VENDA NOVA DO IMIGRANTE;2024;4;2024-04;20;;;;;;
320506;VENDA NOVA DO IMIGRANTE;2024;5;2024-05;24;;;;;;
320506;VENDA NOVA DO IMIGRANTE;2024;6;2024-06;47;;;;;;
320506;VENDA NOVA DO IMIGRANTE;2024;7;2024-07;28;;;;;;
320506;VENDA NOVA DO IMIGRANTE;2024;8;2024-08;29;;;;;;
320506;VENDA NOVA DO IMIGRANTE;2024;9;2024-09;26;;;;;;
320506;VENDA NOVA DO IMIGRANTE;2024;10;2024-10;47;;;;;;
320506;VENDA NOVA DO IMIGRANTE;2024;11;2024-11;45;;;;;;
320506;VENDA NOVA DO IMIGRANTE;2024;12;2024-12;60;;;;;;
320506;VENDA NOVA DO IMIGRANTE;2025;1;2025-01;23;;;;;;
320506;VENDA NOVA DO IMIGRANTE;2025;2;2025-02;29;;;;;;
320506;VENDA NOVA DO IMIGRANTE;2025;3;2025-03;32;;;;;;
320506;VENDA NOVA DO IMIGRANTE;2025;4;2025-04;27;;;;;;
320506;VENDA NOVA DO IMIGRANTE;2025;5;2025-05;39;;;;;;
320506;VENDA NOVA DO IMIGRANTE;2025;6;2025-06;37;;;;;;
320506;VENDA NOVA DO IMIGRANTE;2025;7;2025-07;32;;;;;;
320506;VENDA NOVA DO IMIGRANTE;2025;8;2025-08;25;;;;;;
320506;VENDA NOVA DO IMIGRANTE;2025;9;2025-09;26;;;;;;
320506;VENDA NOVA DO IMIGRANTE;2025;10;2025-10;24;;;;;;
320506;VENDA NOVA DO IMIGRANTE;2025;11;2025-11;29;;;;;;
320506;VENDA NOVA DO IMIGRANTE;2025;12;2025-12;27;;;;;;
320520;VILA VELHA;2024;1;2024-01;306;;;;;;
320520;VILA VELHA;2024;2;2024-02;317;;;;;;
320520;VILA VELHA;2024;3;2024-03;298;;;;;;
320520;VILA VELHA;2024;4;2024-04;325;;;;;;
320520;VILA VELHA;2024;5;2024-05;330;;;;;;
320520;VILA VELHA;2024;6;2024-06;367;;;;;;
320520;VILA VELHA;2024;7;2024-07;400;;;;;;
320520;VILA VELHA;2024;8;2024-08;513;;;;;;
320520;VILA VELHA;2024;9;2024-09;548;;;;;;
320520;VILA VELHA;2024;10;2024-10;452;;;;;;
320520;VILA VELHA;2024;11;2024-11;391;;;;;;
320520;VILA VELHA;2024;12;2024-12;340;;;;;;
320520;VILA VELHA;2025;1;2025-01;353;;;;;;
320520;VILA VELHA;2025;2;2025-02;263;;;;;;
320520;VILA VELHA;2025;3;2025-03;281;;;;;;
320520;VILA VELHA;2025;4;2025-04;296;;;;;;
320520;VILA VELHA;2025;5;2025-05;729;;;;;;
320520;VILA VELHA;2025;6;2025-06;430;;;;;;
320520;VILA VELHA;2025;7;2025-07;388;;;;;;
320520;VILA VELHA;2025;8;2025-08;383;;;;;;
320520;VILA VELHA;2025;9;2025-09;548;;;;;;
320520;VILA VELHA;2025;10;2025-10;436;;;;;;
320520;VILA VELHA;2025;11;2025-11;360;;;;;;
320520;VILA VELHA;2025;12;2025-12;345;;;;;;
320530;VITORIA;2024;1;2024-01;51;;;;;;
320530;VITORIA;2024;2;2024-02;64;;;;;;
320530;VITORIA;2024;3;2024-03;217;;;;;;
320530;VITORIA;2024;4;2024-04;360;;;;;;
320530;VITORIA;2024;5;2024-05;266;;;;;;
320530;VITORIA;2024;6;2024-06;288;;;;;;
320530;VITORIA;2024;7;2024-07;237;;;;;;
320530;VITORIA;2024;8;2024-08;228;;;;;;
320530;VITORIA;2024;9;2024-09;232;;;;;;
320530;VITORIA;2024;10;2024-10;215;;;;;;
320530;VITORIA;2024;11;2024-11;187;;;;;;
320530;VITORIA;2024;12;2024-12;127;;;;;;
320530;VITORIA;2025;1;2025-01;115;;;;;;
320530;VITORIA;2025;2;2025-02;136;;;;;;
320530;VITORIA;2025;3;2025-03;127;;;;;;
320530;VITORIA;2025;4;2025-04;243;;;;;;
320530;VITORIA;2025;5;2025-05;250;;;;;;
320530;VITORIA;2025;6;2025-06;230;;;;;;
320530;VITORIA;2025;7;2025-07;236;;;;;;
320530;VITORIA;2025;8;2025-08;193;;;;;;
320530;VITORIA;2025;9;2025-09;232;;;;;;
320530;VITORIA;2025;10;2025-10;205;;;;;;
320530;VITORIA;2025;11;2025-11;198;;;;;;
320530;VITORIA;2025;12;2025-12;c;;;;;;
;;;;;;;;;;;
